"country","continent","region","1990","1990_male","1990_female","1995","1995_male","1995_female","2000","2000_male","2000_female","2005","2005_male","2005_female","2010","2010_male","2010_female","2015","2015_male","2015_female","2020","2020_male","2020_female","2024","2024_male","2024_female"
"Burundi","AFRICA","Eastern Africa","333110","254853","125628","192774","247321","298299","344767","387101","163267","124165","61094","94413","121762","146970","170125","191015","169843","130688","64534","98361","125559","151329","174642","196086"
"Comoros","AFRICA","Eastern Africa","14079","13939","13799","13209","12618","12555","12496","12449","6717","6614","6511","6286","6060","6071","6044","6021","7362","7325","7288","6923","6558","6484","6452","6428"
"Djibouti","AFRICA","Eastern Africa","122221","99774","100507","92110","102307","112351","119738","125996","64242","52476","52920","51331","53669","59081","62863","66148","57979","47298","47587","40779","48638","53270","56875","59848"
"Eritrea","AFRICA","Eastern Africa","11848","12400","12952","15905","15813","15941","13934","12512","6228","6542","6856","8603","8679","8833","7815","7017","5620","5858","6096","7302","7134","7108","6119","5495"
"Ethiopia","AFRICA","Eastern Africa","875325","478712","311441","170773","227078","797374","875170","1168455","436392","240215","156802","86760","115758","396795","435342","587448","438933","238497","154639","84013","111320","400579","439828","581007"
"Kenya","AFRICA","Eastern Africa","298089","618745","707852","773354","954925","1126886","1050147","992536","161259","322189","352933","400364","473093","562909","529975","500901","136830","296556","354919","372990","481832","563977","520172","491635"
"Madagascar","AFRICA","Eastern Africa","23917","21177","23541","26058","28905","32075","35563","38625","13348","11901","13276","14744","16410","18270","20262","22006","10569","9276","10265","11314","12495","13805","15301","16619"
"Malawi","AFRICA","Eastern Africa","1127724","241624","232620","221661","217722","197328","191362","186719","546520","116198","111530","105931","103869","93689","93612","91341","581204","125426","121090","115730","113853","103639","97750","95378"
"Mauritius","AFRICA","Eastern Africa","3613","7493","15543","19647","24836","28585","28893","29142","1763","3228","5705","8943","13188","15832","16003","16141","1850","4265","9838","10704","11648","12753","12890","13001"
"Mayotte","AFRICA","Eastern Africa","15229","26316","45474","63176","72757","81386","111540","143528","8780","14679","23546","31364","34500","37657","51609","66409","6449","11637","21928","31812","38257","43729","59931","77119"
"Mozambique","AFRICA","Eastern Africa","122332","168256","195702","268694","306471","321794","338850","353143","66060","91210","103175","130290","148105","155510","165490","172471","56272","77046","92527","138404","158366","166284","173360","180672"
"Réunion","AFRICA","Eastern Africa","57210","77159","100678","115076","123029","127209","131769","135534","30724","40710","52264","59196","62707","64537","66852","68762","26486","36449","48414","55880","60322","62672","64917","66772"
"Rwanda","AFRICA","Eastern Africa","160024","215735","347076","423187","426901","514647","513907","513316","80763","109783","175741","213279","214048","256327","259907","259608","79261","105952","171335","209908","212853","258320","254000","253708"
"Seychelles","AFRICA","Eastern Africa","3721","5148","6574","8997","11420","12791","13050","13261","2204","3021","3837","5820","7804","8954","9136","9284","1517","2127","2737","3177","3616","3837","3914","3977"
"Somalia","AFRICA","Eastern Africa","478294","19527","20097","20768","48106","40990","58590","77972","244201","10282","10628","11098","25213","21584","32285","42965","234093","9245","9469","9670","22893","19406","26305","35007"
"South Sudan","AFRICA","Eastern Africa","652365","652365","652365","652365","230732","844112","882252","914001","331151","331151","331151","331151","119106","430944","443405","459362","321214","321214","321214","321214","111626","413168","438847","454639"
"Uganda","AFRICA","Eastern Africa","560570","666211","624296","637596","515055","823181","1776038","2057759","287964","337514","312128","315519","250995","398851","853169","926260","272606","328697","312168","322077","264060","424330","922869","1131499"
"United Republic of Tanzania","AFRICA","Eastern Africa","574025","1106043","949600","771153","309847","384567","426017","462371","283390","547089","481816","486983","154591","190617","213007","231184","290635","558954","467784","284170","155256","193950","213010","231187"
"Zambia","AFRICA","Eastern Africa","279463","244338","343703","252895","149962","132107","187955","249205","143029","125329","175114","128628","75941","66651","97556","129347","136434","119009","168589","124267","74021","65456","90399","119858"
"Zimbabwe","AFRICA","Eastern Africa","634621","431226","410109","402226","398307","400482","416141","429108","356240","246013","233881","229254","227201","225653","236561","243932","278381","185213","176228","172972","171106","174829","179580","185176"
"Angola","AFRICA","Middle Africa","33517","39813","46108","62331","336367","632178","656434","676507","18142","20755","23367","30736","162332","304635","331401","341535","15375","19058","22741","31595","174035","327543","325033","334972"
"Cameroon","AFRICA","Middle Africa","265967","244791","227242","265503","291474","508346","579209","642948","145869","133945","124008","146129","161485","251311","286254","317755","120098","110846","103234","119374","129989","257035","292955","325193"
"Chad","AFRICA","Central African Republic","74342","89584","104825","352130","417034","466968","547494","1269673","40133","48298","56463","159745","186821","215640","249548","564360","34209","41286","48362","192385","230213","251328","297946","705313"
"Congo","AFRICA","Central African Republic","129391","191635","305880","318724","425173","390142","387606","385589","64316","95822","153107","173229","231105","213764","211403","210303","65075","95813","152773","145495","194068","176378","176203","175286"
"Democratic Republic of the Congo","AFRICA","Central African Republic","754194","1816963","744387","623009","589882","810018","952871","1085090","363117","901379","365092","302359","284693","393966","459052","522749","391077","915584","379295","320650","305189","416052","493819","562341"
"Equatorial Guinea","AFRICA","Central African Republic","2740","3629","4517","6588","8658","209611","230618","248930","1465","1930","2394","3564","4734","161527","177716","191827","1275","1699","2123","3024","3924","48084","52902","57103"
"Gabon","AFRICA","Central African Republic","128188","171427","214431","233824","270829","378686","416651","449746","73172","97800","122986","135107","158680","243782","268032","289322","55016","73627","91445","98717","112149","134904","148619","160424"
"Sao Tome and Principe","AFRICA","Central African Republic","5582","4936","4365","3433","2700","2394","2139","1955","2953","2548","2212","1727","1352","1197","1067","975","2629","2388","2153","1706","1348","1197","1072","980"
"Algeria","AFRICA","Northern Africa","273954","262032","250110","197728","217268","239473","250378","259458","150234","143696","137158","108434","114894","126522","132142","136934","123720","118336","112952","89294","102374","112951","118236","122524"
"Egypt","AFRICA","Northern Africa","144713","160802","179364","288944","323177","499292","602472","1139820","83128","91509","101163","158613","176650","268755","322725","602981","61585","69293","78201","130331","146527","230537","279747","536839"
"Libya","AFRICA","Northern Africa","457075","508041","567436","625412","687192","771146","826537","897751","242707","300906","368950","445685","491303","549153","593797","644964","214368","207135","198486","179727","195889","221993","232740","252787"
"Morocco","AFRICA","Northern Africa","54895","50360","53034","56222","71189","92424","102358","111069","29024","26264","27233","28486","35881","46387","52707","57192","25871","24096","25801","27736","35308","46037","49651","53877"
"Sudan","AFRICA","Northern Africa","1402896","1053396","805086","546419","618709","620523","1379147","2397113","696385","525701","404618","278084","314552","311885","685177","1190915","706511","527695","400468","268335","304157","308638","693970","1206198"
"Tunisia","AFRICA","Northern Africa","37984","37867","36719","35040","43172","56532","60145","63201","18900","19045","18679","18000","22236","29253","31474","33073","19084","18822","18040","17040","20936","27279","28671","30128"
"Botswana","AFRICA","Southern Africa","27510","40168","74934","84661","94863","103053","110268","116402","16614","23517","43840","49159","54019","58651","62817","66311","10896","16651","31094","35502","40844","44402","47451","50091"
"Eswatini","AFRICA","Southern Africa","74991","35157","34084","33392","32637","32352","32858","33268","39905","18701","17921","17369","16790","16627","16921","17132","35086","16456","16163","16023","15847","15725","15937","16136"
"Lesotho","AFRICA","Southern Africa","8240","7204","6167","6290","6414","9152","12060","15039","4318","3827","3335","3402","3469","5037","6537","8152","3922","3377","2832","2888","2945","4115","5523","6887"
"Namibia","AFRICA","Southern Africa","120641","115372","135547","107347","103826","101618","109391","116035","63748","61310","73154","57625","55803","54739","59024","62609","56893","54062","62393","49722","48023","46879","50367","53426"
"South Africa","AFRICA","Southern Africa","1285707","1006597","997703","1513855","2274466","3162564","2639076","2631100","819738","632818","599831","927121","1409652","2024994","1579132","1529239","465969","373779","397872","586734","864814","1137570","1059944","1101861"
"Benin","AFRICA","Western Africa","76751","105703","134655","248320","309225","366284","394276","418202","40418","56304","72190","122368","143632","172056","185619","196883","36333","49399","62465","125952","165593","194228","208657","221319"
"Burkina Faso","AFRICA","Western Africa","349652","464104","520363","597658","674438","704676","723989","739820","167834","223156","250555","285871","320939","335328","344331","351860","181818","240948","269808","311787","353499","369348","379658","387960"
"Cabo Verde","AFRICA","Western Africa","8931","9979","11027","12700","14373","14924","15788","16515","4429","5091","5753","6523","7293","7547","7985","8353","4502","4888","5274","6177","7080","7377","7803","8162"
"Côte d'Ivoire","AFRICA","Western Africa","1822374","1992981","2157339","2308068","2458796","2609525","2760255","2880839","1079268","1182533","1282629","1375806","1468984","1562160","1655338","1729881","743106","810448","874710","932262","989812","1047365","1104917","1150958"
"Gambia","AFRICA","Western Africa","118123","150890","182514","181839","185837","192540","215659","236137","66306","82048","97138","96196","98123","101501","113766","124569","51817","68842","85376","85643","87714","91039","101893","111568"
"Ghana","AFRICA","Western Africa","164851","252879","191601","309932","337766","414744","476412","532286","83030","127423","97279","159527","180030","221026","254403","284239","81821","125456","94322","150405","157736","193718","222009","248047"
"Guinea","AFRICA","Western Africa","403621","774505","560075","233419","178762","126657","121437","117416","201260","386537","279108","113528","93267","74193","71385","69022","202361","387968","280967","119891","85495","52464","50052","48394"
"Guinea-Bissau","AFRICA","Western Africa","15368","27961","20450","20902","21391","22333","17945","15064","7689","13833","10155","10380","10463","10826","8867","7443","7679","14128","10295","10522","10928","11507","9078","7621"
"Liberia","AFRICA","Western Africa","94964","208563","151868","87217","99165","112111","87947","72423","53924","111647","82129","51197","56902","64079","50694","41746","41040","96916","69739","36020","42263","48032","37253","30677"
"Mali","AFRICA","Western Africa","160736","176187","189475","258630","341078","420504","485829","545323","82049","90871","97752","133344","173088","213218","246308","276471","78687","85316","91723","125286","167990","207286","239521","268852"
"Mauritania","AFRICA","Western Africa","111650","89562","57366","58211","84920","166552","182286","195937","57569","47015","31163","32642","48746","94070","103203","110932","54081","42547","26203","25569","36174","72482","79083","85005"
"Niger","AFRICA","Western Africa","115464","145999","122260","124509","126482","252998","348056","449236","55222","69751","58192","59194","60042","119915","162019","209118","60242","76248","64068","65315","66440","133083","186037","240118"
"Nigeria","AFRICA","Western Africa","456621","462999","487882","969714","990494","1199115","1308568","1403281","256166","258091","270211","564612","576648","657887","713678","765333","200455","204908","217671","405102","413846","541228","594890","637948"
"Saint Helena","AFRICA","Western Africa","178","117","108","163","248","377","437","492","110","70","61","85","136","251","306","344","68","47","47","78","112","126","131","148"
"Senegal","AFRICA","Western Africa","270410","287654","231901","238298","256092","266496","274929","281867","138840","147165","121492","124854","135879","141402","145591","149265","131570","140489","110409","113444","120213","125094","129338","132602"
"Sierra Leone","AFRICA","Western Africa","222148","98516","97974","146227","79265","58830","53746","49997","122898","55937","54184","76709","43622","33077","30408","28287","99250","42579","43790","69518","35643","25753","23338","21710"
"Togo","AFRICA","Western Africa","84844","101583","137968","204219","255564","277384","279936","281994","42903","50727","69112","103233","129424","139540","141807","142850","41941","50856","68856","100986","126140","137844","138129","139144"
"Kazakhstan","ASIA","Central Asia","3289058","2259955","1733374","1845637","1856870","1919920","1990268","2089797","1506704","1018105","767794","805187","793797","805755","819990","850966","1782354","1241850","965580","1040450","1063073","1114165","1170278","1238831"
"Kyrgyzstan","ASIA","Central Asia","623083","518338","389824","309399","232065","204382","199011","194816","260416","216638","162927","128064","94596","82616","80456","78760","362667","301700","226897","181335","137469","121766","118555","116056"
"Tajikistan","ASIA","Central Asia","428900","348347","299499","280466","279808","275101","276031","276777","187972","151894","131653","121403","121780","118639","119174","119496","240928","196453","167846","159063","158028","156462","156857","157281"
"Turkmenistan","ASIA","Central Asia","306500","273565","219067","213053","197979","196376","194920","193763","134174","132122","102810","101214","90634","91531","92357","91809","172326","141443","116257","111839","107345","104845","102563","101954"
"Uzbekistan","ASIA","Central Asia","1653000","1512577","1406498","1329932","1220149","1170873","1162007","1154963","723618","657490","606163","589690","558379","545721","543364","540070","929382","855087","800335","740242","661770","625152","618643","614893"
"China","ASIA","Eastern Asia","518395","610608","720915","853360","1010008","1196007","1415116","1638718","306695","361610","427157","505621","598443","665970","731953","792506","211700","248998","293758","347739","411565","530037","683163","846212"
"China, Hong Kong SAR","ASIA","Eastern Asia","2218473","2443798","2669122","2721235","2779950","2841113","2962492","3063318","1124544","1175087","1225629","1185121","1147539","1120982","1107970","1145679","1093929","1268711","1443493","1536114","1632411","1720131","1854522","1917639"
"China, Macao SAR","ASIA","Eastern Asia","205047","224929","240791","279308","318506","376066","403490","426862","96379","103660","109391","130387","146407","174589","187321","198172","108668","121269","131400","148921","172099","201477","216169","228690"
"China, Taiwan Province of China","ASIA","Eastern Asia","66378","246682","450366","548367","587646","866324","1055191","1136425","21489","138631","194678","165436","165717","296061","386509","448930","44889","108051","255688","382931","421929","570263","668682","687495"
"Dem. People's Republic of Korea","ASIA","Eastern Asia","34103","35143","36183","40097","44010","48458","49549","50439","17393","17562","17731","19749","21766","24110","24654","25097","16710","17581","18452","20348","22244","24348","24895","25342"
"Japan","ASIA","Eastern Asia","1050475","1331094","1651869","1976528","2161780","2577487","3289042","3409529","528160","661549","784918","923687","976490","1202757","1622963","1719879","522315","669545","866951","1052841","1185290","1374730","1666079","1689650"
"Mongolia","ASIA","Eastern Asia","6718","7424","8206","11477","16062","19886","21345","22589","3419","3959","4564","7577","11880","13284","14263","15094","3299","3465","3642","3900","4182","6602","7082","7495"
"Republic of Korea","ASIA","Eastern Asia","18499","52719","144426","231744","566098","1312172","1723389","1811507","10019","30590","86505","153783","315024","757875","967535","961477","8480","22129","57921","77961","251074","554297","755854","850030"
"Afghanistan","ASIA","Southern Asia","57686","71522","75917","87314","102276","339432","144098","98110","32558","39105","42848","49281","57726","171550","69189","47108","25128","32417","33069","38033","44550","167882","74909","51002"
"Bangladesh","ASIA","Southern Asia","881617","934735","987853","1062270","1345546","1422179","2115408","2906338","476097","503989","531907","572146","710548","751741","1093978","1503005","405520","430746","455946","490124","634998","670438","1021430","1403333"
"Bhutan","ASIA","Southern Asia","23807","27972","32137","40279","48420","51106","53612","55705","19409","22804","26200","32742","39283","43396","45524","47301","4398","5168","5937","7537","9137","7710","8088","8404"
"India","ASIA","Southern Asia","7212791","6836861","6391543","5954999","5601237","5252296","4929816","4796255","3718790","3520808","3289735","3007075","2688107","2418270","2179234","2059115","3494001","3316053","3101808","2947924","2913130","2834026","2750582","2737140"
"Iran (Islamic Republic of)","ASIA","Southern Asia","4291601","2937668","2476469","2552206","2722397","2729939","2797235","3840654","2369093","1612428","1365390","1401736","1490419","1487403","1517518","1842260","1922508","1325240","1111079","1150470","1231978","1242536","1279717","1998394"
"Maldives","ASIA","Southern Asia","8689","18510","27092","45045","54659","64273","70079","75099","4777","9243","14907","27079","41712","56345","61437","65838","3912","9267","12185","17966","12947","7928","8642","9261"
"Nepal","ASIA","Southern Asia","429974","690225","717900","680729","581889","509471","487564","470719","125966","217088","241959","235852","191167","156361","146930","141854","304008","473137","475941","444877","390722","353110","340634","328865"
"Pakistan","ASIA","Southern Asia","6208204","3669308","4181912","3174558","3943681","3506520","3276580","4175958","3264380","1951223","2249960","1710343","2075512","1845470","1812804","2166907","2943824","1718085","1931952","1464215","1868169","1661050","1463776","2009051"
"Sri Lanka","ASIA","Southern Asia","41561","40841","40132","39526","38959","39706","40254","40698","23423","22689","21971","21318","20694","20745","21196","21430","18138","18152","18161","18208","18265","18961","19058","19268"
"Brunei Darussalam","ASIA","South-Eastern Asia","73200","84748","96296","98441","100587","102733","111959","119933","41856","47832","53807","55265","56723","58181","63407","67923","31344","36916","42489","43176","43864","44552","48552","52010"
"Cambodia","ASIA","South-Eastern Asia","38375","92230","146085","114096","82028","73962","79341","83925","19084","45361","71638","57545","43412","39854","42730","45199","19291","46869","74447","56551","38616","34108","36611","38726"
"Indonesia","ASIA","South-Eastern Asia","92058","114419","287645","87508","113288","192119","306702","445726","48516","59984","168284","46262","60716","104362","164933","239643","43542","54435","119361","41246","52572","87757","141769","206083"
"Lao People's Democratic Republic","ASIA","South-Eastern Asia","22866","23526","21948","20371","32955","45538","48731","51446","11806","12199","11564","10930","20133","29335","31393","33142","11060","11327","10384","9441","12822","16203","17338","18304"
"Malaysia","ASIA","South-Eastern Asia","1027572","1312828","1613819","2174308","3086876","3513497","3718696","3806514","596598","736583","888379","1185459","1891351","2071320","2581227","2935226","430974","576245","725440","988849","1195525","1442177","1137469","871288"
"Myanmar","ASIA","South-Eastern Asia","133545","113663","98011","83025","76414","73309","76446","79052","72310","61489","52150","44506","41574","40178","41898","43326","61235","52174","45861","38519","34840","33131","34548","35726"
"Philippines","ASIA","South-Eastern Asia","134600","145980","157361","168741","178147","131897","87212","87212","71127","78895","86664","94431","101237","80911","61273","61273","63473","67085","70697","74310","76910","50986","25939","25939"
"Singapore","ASIA","South-Eastern Asia","729377","993616","1319433","1494527","2160350","2535340","2589107","2841665","343638","455143","587340","660460","948117","1099496","1113683","1219095","385739","538473","732093","834067","1212233","1435844","1475424","1622570"
"Thailand","ASIA","South-Eastern Asia","287933","271568","771234","1705845","2640454","2853248","3015007","3179399","187089","175611","389097","923939","1458781","1587904","1688347","1787785","100844","95957","382137","781906","1181673","1265344","1326660","1391614"
"Timor-Leste","ASIA","South-Eastern Asia","8954","9743","10602","11286","11540","8520","8399","8303","4450","4763","5095","5578","5837","5148","5076","5018","4504","4980","5507","5708","5703","3372","3323","3285"
"Viet Nam","ASIA","South-Eastern Asia","88560","88376","86213","81997","84408","101386","200639","326418","44481","44541","43376","40269","40086","46973","95911","153988","44079","43835","42837","41728","44322","54413","104728","172430"
"Armenia","ASIA","Western Asia","433541","622042","588242","476812","210873","190896","207139","274645","178007","265656","252834","204448","86213","78453","86816","117974","255534","356386","335408","272364","124660","112443","120323","156671"
"Azerbaijan","ASIA","Western Asia","402177","588812","523518","301922","251417","224337","198894","218460","188096","287065","255349","142356","117816","105316","93478","104564","214081","301747","268169","159566","133601","119021","105416","113896"
"Bahrain","ASIA","Western Asia","176972","213818","238924","387591","643007","721540","785983","840202","123841","151047","165022","276879","465842","516200","574583","616321","53131","62771","73902","110712","177165","205340","211400","223881"
"Cyprus","ASIA","Western Asia","43805","61941","80076","122849","188472","176693","190366","202062","20463","27604","34745","53532","82477","77357","85679","90943","23342","34337","45331","69317","105995","99336","104687","111119"
"Georgia","ASIA","Western Asia","304470","152235","76117","71296","73078","76685","79368","81582","133285","66643","33321","31215","31993","33570","34879","35852","171185","85592","42796","40081","41085","43115","44489","45730"
"Iraq","ASIA","Western Asia","83638","199460","210525","134863","120466","359352","365766","370980","55751","114821","120464","81877","74535","209217","201427","204298","27887","84639","90061","52986","45931","150135","164339","166682"
"Israel","ASIA","Western Asia","1622505","1781111","1838155","1881017","1953214","2019891","2068830","2091569","760298","825586","849174","864601","903569","937050","953833","954699","862207","955525","988981","1016416","1049645","1082841","1114997","1136870"
"Jordan","ASIA","Western Asia","1131529","1511664","1834160","2229368","3723368","4386976","4940142","5280168","655623","848804","1011921","1221863","2047423","2449395","2754916","2942359","475906","662860","822239","1007505","1675945","1937581","2185226","2337809"
"Kuwait","ASIA","Western Asia","1056143","935152","1116932","1353949","1871827","2610785","3030731","3323191","647863","596039","726412","887838","1138763","1642376","1999895","2194374","408280","339113","390520","466111","733064","968409","1030836","1128817"
"Lebanon","ASIA","Western Asia","424488","466437","514836","553850","625884","1763717","1586346","1422583","236545","262964","300656","335523","398439","878725","810758","720891","187943","203473","214180","218327","227445","884992","775588","701692"
"Oman","ASIA","Western Asia","526784","538639","550760","608416","803387","1827972","1766142","2283366","434951","417103","409325","451100","612931","1515096","1405065","1831573","91833","121536","141435","157316","190456","312876","361077","451793"
"Qatar","ASIA","Western Asia","215508","307661","439215","643000","1409000","2090000","2182000","2337000","150223","214459","308660","515000","1141000","1692000","1694000","1807000","65285","93202","130555","128000","268000","398000","488000","530000"
"Saudi Arabia","ASIA","Western Asia","4484868","4853489","5219382","6605114","8976961","13251622","13071258","13683841","2950373","3371650","3491478","4586943","6375143","10068911","9905596","10637190","1534495","1481839","1727904","2018171","2601818","3182711","3165662","3046651"
"State of Palestine","ASIA","Western Asia","288332","281767","275202","274520","273840","273163","272784","272481","132101","128328","124555","124608","124660","124710","124737","124599","156231","153439","150647","149912","149180","148453","148047","147882"
"Syrian Arab Republic","ASIA","Western Asia","714140","830610","834916","882398","1783595","835716","868711","896042","364077","423115","427981","452524","910982","426967","432279","445879","350063","407495","406935","429874","872613","408749","436432","450163"
"Türkiye","ASIA","Western Asia","1159415","1220898","1279019","1345188","1420433","3750982","6580295","7083501","576098","596917","615830","638502","666516","1999644","3393365","3519766","583317","623981","663189","706686","753917","1751338","3186930","3563735"
"United Arab Emirates","ASIA","Western Asia","1302298","1795514","2373577","3218730","5446000","6859000","7184000","8157000","920866","1287916","1712763","2341003","3746000","4642000","4860000","5491000","381432","507598","660814","877727","1700000","2217000","2324000","2666000"
"Yemen","ASIA","Western Asia","118863","136515","144940","171871","288394","379882","387113","392997","67010","77832","80514","98879","156123","199390","223512","226909","51853","58683","64426","72992","132271","180492","163601","166088"
"Belarus","EUROPE","Eastern Europe","1248977","1186282","1123586","1106982","1090378","1082905","1067090","1054604","572021","543307","514593","506988","499384","495961","488713","482995","676956","642975","608993","599994","590994","586944","578377","571609"
"Bulgaria","EUROPE","Eastern Europe","21510","32435","43360","61074","76287","123803","184363","299100","9047","13642","18238","26594","33841","60058","91585","141530","12463","18793","25122","34480","42446","63745","92778","157570"
"Czechia","EUROPE","Eastern Europe","442428","531039","639018","670689","692197","688047","680221","1025199","197025","245352","307034","333861","356502","354404","348725","500157","245403","285687","331984","336828","335695","333643","331496","525042"
"Hungary","EUROPE","Eastern Europe","347510","322234","296957","366787","436616","475508","584567","689565","156185","147202","138219","174216","210212","235719","303065","357501","191325","175032","158738","192571","226404","239789","281502","332064"
"Poland","EUROPE","Eastern Europe","1127393","963028","822627","724887","649114","683663","738099","1739901","466953","393886","334462","294950","265808","288687","334071","705193","660440","569142","488165","429937","383306","394976","404028","1034708"
"Republic of Moldova*","EUROPE","Eastern Europe","533397","365099","250134","174263","132386","101730","77291","188207","232099","152304","100422","69025","52562","40778","31135","78012","301298","212795","149712","105238","79824","60952","46156","110195"
"Romania","EUROPE","Eastern Europe","135745","134970","134204","139430","148107","212560","338734","655579","58846","60597","63248","68001","74214","108131","174220","328864","76899","74373","70956","71429","73893","104429","164514","326715"
"Russian Federation","EUROPE","Eastern Europe","11524948","11928927","11900297","11667588","11199727","9098229","7297611","7605774","5655422","5925452","5982851","5806597","5515763","4476163","3590691","3743704","5869526","6003475","5917446","5860991","5683964","4622066","3706920","3862070"
"Slovakia","EUROPE","Eastern Europe","41295","69323","116376","130491","146319","177624","197161","323991","18187","30531","51253","58716","66938","89011","100551","124906","23108","38792","65123","71775","79381","88613","96610","199085"
"Ukraine*","EUROPE","Eastern Europe","6892920","6172338","5527087","5050302","4818767","4915142","4997387","5064173","2953603","2644845","2368364","2168060","2072474","2113924","2149298","2178022","3939317","3527493","3158723","2882242","2746293","2801218","2848089","2886151"
"Channel Islands*","EUROPE","Northern Europe","61660","60519","64301","70941","77581","82307","84087","85539","29005","28468","30234","33611","36982","39338","40190","40884","32655","32051","34067","37330","40599","42969","43897","44655"
"Denmark*","EUROPE","Northern Europe","235918","298278","372128","423167","509751","616741","718856","847475","114866","145591","180540","203588","246127","303282","354048","415797","121052","152687","191588","219579","263624","313459","364808","431678"
"Estonia","EUROPE","Northern Europe","381997","315755","249512","233701","217890","194664","199277","203046","171691","136268","100844","94244","87644","80024","86767","88408","210306","179487","148668","139457","130246","114640","112510","114638"
"Faroe Islands*","EUROPE","Northern Europe","4285","2900","3593","4583","5096","5485","6812","8101","2440","1575","1921","2450","2700","2783","3542","4212","1845","1325","1672","2133","2396","2702","3270","3889"
"Finland*","EUROPE","Northern Europe","63255","99729","136203","192169","228481","314856","386052","514432","31682","49575","67469","96429","115105","159315","198822","261465","31573","50154","68734","95740","113376","155541","187230","252967"
"Iceland","EUROPE","Northern Europe","9584","12738","15892","25492","35091","39072","65424","98818","4248","5727","7207","12413","17619","19070","35716","53946","5336","7011","8685","13079","17472","20002","29708","44872"
"Ireland","EUROPE","Northern Europe","227783","247379","376321","620579","751381","802470","951686","1216237","110538","119141","185815","321411","375846","394569","466849","584589","117245","128238","190506","299168","375535","407901","484837","631648"
"Isle of Man*","EUROPE","Northern Europe","34769","36886","39002","41475","43447","42238","43040","43693","16371","17548","18725","20214","21361","20596","20987","21305","18398","19338","20277","21261","22086","21642","22053","22388"
"Latvia","EUROPE","Northern Europe","646007","538093","430178","376725","313786","265418","239422","220471","290800","234216","177632","154745","124675","104011","97022","89342","355207","303877","252546","221980","189111","161407","142400","131129"
"Lithuania","EUROPE","Northern Europe","349258","273587","214311","201209","160772","136021","145184","175194","164585","128641","100546","94189","69606","57508","73148","92800","184673","144946","113765","107020","91166","78513","72036","82394"
"Norway*","EUROPE","Northern Europe","192587","233302","292440","361144","524601","746375","852238","1012404","99562","117222","144826","176444","267235","389370","439206","506707","93025","116080","147614","184700","257366","357005","413032","505697"
"Sweden","EUROPE","Northern Europe","784283","944802","1022156","1126971","1372074","1638195","2033902","2272158","380975","459807","497818","547615","666972","795632","987817","1089525","403308","484995","524338","579356","705102","842563","1046085","1182633"
"United Kingdom*","EUROPE","Northern Europe","3664896","4173053","4747902","5989992","7713303","9071431","10520870","11845479","1760942","1986267","2235493","2849988","3721890","4478604","5319314","6101679","1903954","2186786","2512409","3140004","3991413","4592827","5201556","5743800"
"Albania","EUROPE","Southern Europe","66013","71354","76695","64739","52784","52031","48810","46377","30579","33284","35990","32993","26901","26517","24908","23667","35434","38070","40705","31746","25883","25514","23902","22710"
"Andorra","EUROPE","Southern Europe","38891","44206","42147","50298","52053","42264","45574","48408","20990","23588","22093","26466","27287","21485","23333","24784","17901","20618","20054","23832","24766","20779","22241","23624"
"Bosnia and Herzegovina","EUROPE","Southern Europe","56000","69476","82952","47287","38945","38597","36042","34120","26538","33115","39691","22481","18581","18412","16880","15980","29462","36361","43261","24806","20364","20185","19162","18140"
"Croatia","EUROPE","Southern Europe","475438","674085","585298","579273","573248","561093","528056","527831","222531","315733","274823","271645","268466","260473","245564","239311","252907","358352","310475","307628","304782","300620","282492","288520"
"Gibraltar*","EUROPE","Southern Europe","8709","8381","8054","9211","10369","11065","11190","11291","4528","4196","3865","4518","5171","5591","5656","5707","4181","4185","4189","4693","5198","5474","5534","5584"
"Greece","EUROPE","Southern Europe","618139","857850","1111665","1190707","1321149","1242924","1340456","1423964","330038","445004","559794","587677","640731","570529","642639","682674","288101","412846","551871","603030","680418","672395","697817","741290"
"Holy See*","EUROPE","Southern Europe","726","705","691","659","621","572","528","496","352","344","333","315","298","274","253","237","374","361","358","344","323","298","275","259"
"Italy","EUROPE","Southern Europe","1529367","1810642","2143259","3285903","4719233","5506199","6223851","6553671","671684","811202","982944","1538889","2136841","2486229","2893857","3037046","857683","999440","1160315","1747014","2582392","3019970","3329994","3516625"
"Malta","EUROPE","Southern Europe","15077","17740","21521","24560","33008","52642","114760","199466","7012","8366","10289","11899","17118","28332","66055","114811","8065","9374","11232","12661","15890","24310","48705","84655"
"Montenegro","EUROPE","Southern Europe","73743","73743","73743","73743","78512","71719","70999","92237","29497","29497","29497","29497","31639","28178","27995","42048","44246","44246","44246","44246","46873","43541","43004","50189"
"North Macedonia","EUROPE","Southern Europe","95142","109343","125665","127667","129701","130730","131311","150902","39661","45581","52385","53220","54067","54496","54740","63435","55481","63762","73280","74447","75634","76234","76571","87467"
"Portugal","EUROPE","Southern Europe","435782","532822","651472","771184","762825","864814","1001963","1127184","209922","259337","320319","376774","371536","398390","479936","539916","225860","273485","331153","394410","391289","466424","522027","587268"
"San Marino","EUROPE","Southern Europe","3310","3659","4045","4218","4880","5195","5543","5838","1728","1940","2175","2302","2761","2867","2991","3150","1582","1719","1870","1916","2119","2328","2552","2688"
"Serbia*","EUROPE","Southern Europe","1064614","1543744","1419951","1078633","901044","797595","733091","712550","498523","715888","647339","484144","400596","352725","323353","314538","566091","827856","772612","594489","500448","444870","409738","398012"
"Slovenia","EUROPE","Southern Europe","178077","174419","214508","217218","253786","237616","277964","315122","89514","90255","114772","116741","145138","134460","162815","184580","88563","84164","99736","100477","108648","103156","115149","130542"
"Spain*","EUROPE","Southern Europe","813588","1258176","2023886","4372449","6281193","5892847","7146130","8870527","393727","621224","1021367","2284591","3223476","2893965","3465813","4287663","419861","636952","1002519","2087858","3057717","2998882","3680317","4582864"
"Austria","EUROPE","Western Europe","633753","764758","920045","1174101","1285706","1540486","1781046","2327064","293596","357560","440533","563878","612543","748684","870537","1099528","340157","407198","479512","610223","673163","791802","910509","1227536"
"Belgium","EUROPE","Western Europe","944340","1003834","1076676","1243352","1567639","1814949","2046975","2349032","462141","488507","522111","598216","762044","888330","1005769","1150738","482199","515327","554565","645136","805595","926619","1041206","1198294"
"France*","EUROPE","Western Europe","5890023","5936326","6141350","6839877","7322210","7978076","8610719","9186757","2995574","2970070","3032975","3348081","3552403","3853136","4145885","4381792","2894449","2966256","3108375","3491796","3769807","4124940","4464834","4804965"
"Germany","EUROPE","Western Europe","6960112","9637208","10397459","11210590","11665950","12646813","15021300","16750084","3480056","4818604","5094755","5437136","5599656","6196938","7435543","8375042","3480056","4818604","5302704","5773454","6066294","6449875","7585757","8375042"
"Liechtenstein","EUROPE","Western Europe","10906","13311","15483","18898","22342","23799","25877","27669","5956","7068","7980","9434","10867","11605","12619","13493","4950","6243","7503","9464","11475","12194","13258","14176"
"Luxembourg","EUROPE","Western Europe","113795","126106","139750","150618","163142","248888","298062","344309","56062","62292","69286","74951","81420","126129","151653","175183","57733","63814","70464","75667","81722","122759","146409","169126"
"Monaco","EUROPE","Western Europe","20359","21060","21787","21312","21132","25983","26601","27106","9471","9955","10458","10322","10325","12599","12897","13142","10888","11105","11329","10990","10807","13384","13704","13964"
"Netherlands*","EUROPE","Western Europe","1194306","1397371","1584638","1735632","1850649","2024059","2425521","2956518","583710","686812","780509","845376","888791","966517","1170110","1438571","610596","710559","804129","890256","961858","1057542","1255411","1517947"
"Switzerland","EUROPE","Western Europe","1252320","1363586","1484514","1740312","2053953","2385713","2610189","2773840","638198","718853","795489","900594","1003457","1167318","1281032","1377346","614122","644733","689025","839718","1050496","1218395","1329157","1396494"
"Anguilla*","LATIN AMERICA AND THE CARIBBEAN","Caribbean","2570","3317","4063","4684","5103","5471","5715","5918","1258","1584","1910","2210","2415","2594","2706","2802","1312","1733","2153","2474","2688","2877","3009","3116"
"Antigua and Barbuda","LATIN AMERICA AND THE CARIBBEAN","Caribbean","12029","17550","23071","24741","26412","28082","29386","30473","5775","8046","10316","11052","11788","12524","13120","13605","6254","9504","12755","13689","14624","15558","16266","16868"
"Aruba*","LATIN AMERICA AND THE CARIBBEAN","Caribbean","14444","22274","30104","32540","34328","36114","53593","73494","6429","9974","13519","14559","15312","16108","24307","33333","8015","12300","16585","17981","19016","20006","29286","40161"
"Bahamas","LATIN AMERICA AND THE CARIBBEAN","Caribbean","26855","31654","36454","45531","54745","59241","63583","67285","13827","16620","19414","23613","27883","29963","32161","34033","13028","15034","17040","21918","26862","29278","31422","33252"
"Barbados","LATIN AMERICA AND THE CARIBBEAN","Caribbean","24024","26224","28424","30624","32825","34475","34869","35187","10065","11235","12405","13575","14746","15488","15668","15811","13959","14989","16019","17049","18079","18987","19201","19376"
"Bonaire, Sint Eustatius and Saba*","LATIN AMERICA AND THE CARIBBEAN","Caribbean","12930","13508","14233","16980","20559","24610","26454","30676","6484","6761","7047","8704","10904","12845","13668","15790","6446","6747","7186","8276","9655","11765","12786","14886"
"British Virgin Islands*","LATIN AMERICA AND THE CARIBBEAN","Caribbean","8035","10046","12958","15016","17076","19535","22164","24520","4126","5034","6386","7401","8295","9413","10681","11816","3909","5012","6572","7615","8781","10122","11483","12704"
"Cayman Islands*","LATIN AMERICA AND THE CARIBBEAN","Caribbean","9315","12666","19176","20679","24062","26193","29242","31935","4587","6339","9671","10515","12310","13406","15017","16400","4728","6327","9505","10164","11752","12787","14225","15535"
"Cuba","LATIN AMERICA AND THE CARIBBEAN","Caribbean","34555","26187","18545","11693","7373","4649","3024","2144","17278","12559","8212","5152","3232","2027","1312","930","17277","13628","10333","6541","4141","2622","1712","1214"
"Curaçao*","LATIN AMERICA AND THE CARIBBEAN","Caribbean","43150","43150","43150","43150","34630","37611","57210","80020","18205","18205","18205","18205","14196","15467","24958","34909","24945","24945","24945","24945","20434","22144","32252","45111"
"Dominica","LATIN AMERICA AND THE CARIBBEAN","Caribbean","2519","3121","3723","4744","8110","8093","8284","8440","1309","1623","1955","2491","4200","4215","4314","4395","1210","1498","1768","2253","3910","3878","3970","4045"
"Dominican Republic","LATIN AMERICA AND THE CARIBBEAN","Caribbean","291151","323381","355611","375417","395479","549289","603794","738667","181677","198842","216008","227826","239808","353448","382542","444850","109474","124539","139603","147591","155671","195841","221252","293817"
"Grenada","LATIN AMERICA AND THE CARIBBEAN","Caribbean","4263","5544","6825","6902","6980","7057","7213","7340","2106","2746","3386","3424","3463","3502","3292","3350","2157","2798","3439","3478","3517","3555","3921","3990"
"Guadeloupe*","LATIN AMERICA AND THE CARIBBEAN","Caribbean","65944","74566","83188","89065","94942","90956","90206","89610","32718","36248","39778","41273","42768","38680","37914","37664","33226","38318","43410","47792","52174","52276","52292","51946"
"Haiti","LATIN AMERICA AND THE CARIBBEAN","Caribbean","19084","18129","17222","16360","17182","18047","18884","19581","10606","10076","9572","9093","9552","10036","10499","10887","8478","8053","7650","7267","7630","8011","8385","8694"
"Jamaica","LATIN AMERICA AND THE CARIBBEAN","Caribbean","20475","22713","24952","24284","23677","23165","23629","24007","9981","11242","12503","12248","12024","11765","12008","12200","10494","11471","12449","12036","11653","11400","11621","11807"
"Martinique*","LATIN AMERICA AND THE CARIBBEAN","Caribbean","38705","46599","54492","57034","59575","69174","68624","68187","19091","22271","25451","25891","26330","29432","29199","29013","19614","24328","29041","31143","33245","39742","39425","39174"
"Montserrat*","LATIN AMERICA AND THE CARIBBEAN","Caribbean","2013","1612","1211","1244","1291","1351","1379","1402","1029","825","622","639","664","696","711","723","984","787","589","605","627","655","668","679"
"Puerto Rico*","LATIN AMERICA AND THE CARIBBEAN","Caribbean","321909","338067","355038","352144","304969","280494","247132","223323","153354","160739","168480","166780","142939","130916","114868","103801","168555","177328","186558","185364","162030","149578","132264","119522"
"Saint Barthélemy*","LATIN AMERICA AND THE CARIBBEAN","Caribbean","0","0","0","0","0","0","0","0","0","0","0","0","0","0","0","0","0","0","0","0","0","0","0","0"
"Saint Kitts and Nevis","LATIN AMERICA AND THE CARIBBEAN","Caribbean","3210","4248","5871","6682","7245","7443","7725","7958","1642","2196","3068","3501","3806","3916","4066","4189","1568","2052","2803","3181","3439","3527","3659","3769"
"Saint Lucia","LATIN AMERICA AND THE CARIBBEAN","Caribbean","5305","7155","9871","9839","9050","8673","8338","8079","2618","3563","4960","4841","4377","4179","4004","3880","2687","3592","4911","4998","4673","4494","4334","4199"
"Saint Martin (French part)*","LATIN AMERICA AND THE CARIBBEAN","Caribbean","0","0","0","0","0","0","0","0","0","0","0","0","0","0","0","0","0","0","0","0","0","0","0","0"
"Saint Vincent and the Grenadines","LATIN AMERICA AND THE CARIBBEAN","Caribbean","3970","4135","4307","4436","4569","4637","4738","4820","1928","2011","2099","2198","2302","2355","2443","2485","2042","2124","2208","2238","2267","2282","2295","2335"
"Sint Maarten (Dutch part)*","LATIN AMERICA AND THE CARIBBEAN","Caribbean","23861","23861","23861","13099","26203","27295","28845","30148","11439","11439","11439","6285","12570","13077","13822","14446","12422","12422","12422","6814","13633","14218","15023","15702"
"Trinidad and Tobago","LATIN AMERICA AND THE CARIBBEAN","Caribbean","50666","45994","41753","44812","48226","50021","78849","113478","23528","21303","19288","20647","23152","24464","39179","56386","27138","24691","22465","24165","25074","25557","39670","57092"
"Turks and Caicos Islands*","LATIN AMERICA AND THE CARIBBEAN","Caribbean","5062","7039","9015","13115","17216","22723","25748","28455","2620","3643","4665","6787","8907","11759","13325","14726","2442","3396","4350","6328","8309","10964","12423","13729"
"United States Virgin Islands*","LATIN AMERICA AND THE CARIBBEAN","Caribbean","51970","54241","56611","56647","56684","56721","56753","56779","24824","25760","26730","26726","26722","26728","26744","26756","27146","28481","29881","29921","29962","29993","30009","30023"
"Belize","LATIN AMERICA AND THE CARIBBEAN","Central America","30404","33446","36488","41438","46390","54615","62043","68706","16393","17512","18631","21052","23475","27473","31210","34562","14011","15934","17857","20386","22915","27142","30833","34144"
"Costa Rica","LATIN AMERICA AND THE CARIBBEAN","Central America","417628","364287","310946","358398","405779","411697","520729","628404","212173","184485","156798","176445","196055","197613","263636","318150","205455","179802","154148","181953","209724","214084","257093","310254"
"El Salvador","LATIN AMERICA AND THE CARIBBEAN","Central America","47360","39537","31713","36029","40342","42059","42767","43342","22218","18564","14909","17034","19157","20006","20344","20618","25142","20973","16804","18995","21185","22053","22423","22724"
"Guatemala","LATIN AMERICA AND THE CARIBBEAN","Central America","264257","156188","48119","57214","66386","74852","84311","92732","112615","66913","21211","26048","30919","35728","39916","43903","151642","89275","26908","31166","35467","39124","44395","48829"
"Honduras","LATIN AMERICA AND THE CARIBBEAN","Central America","270423","149442","28461","27934","27288","38330","39195","39901","137573","76077","14581","14476","14306","20123","20575","20946","132850","73365","13880","13458","12982","18207","18620","18955"
"Mexico","LATIN AMERICA AND THE CARIBBEAN","Central America","701513","458051","526172","701803","957593","1088731","1335154","1726089","367740","233126","267158","355783","485887","554049","689611","909750","333773","224925","259014","346020","471706","534682","645543","816339"
"Nicaragua","LATIN AMERICA AND THE CARIBBEAN","Central America","41421","26619","30389","34919","37345","40261","42167","43757","20860","13364","15423","17774","19135","20723","21683","22500","20561","13255","14966","17145","18210","19538","20484","21257"
"Panama","LATIN AMERICA AND THE CARIBBEAN","Central America","62744","70848","83410","109461","157788","184710","313165","477749","33148","36740","42437","55632","81203","94841","167057","254854","29596","34108","40973","53829","76585","89869","146108","222895"
"South America","LATIN AMERICA AND THE CARIBBEAN","Central America","4319559","4243306","4210082","4423159","5198444","5673584","10242853","12577921","2159681","2101631","2067229","2166274","2551858","2800532","5096474","6219168","2159878","2141675","2142853","2256885","2646586","2873052","5146379","6358753"
"Argentina","LATIN AMERICA AND THE CARIBBEAN","Central America","1647935","1589660","1543851","1641560","1799680","1856613","1912294","1958039","784994","741440","705920","752040","828783","851985","867437","879705","862941","848220","837931","889520","970897","1004628","1044857","1078334"
"Bolivia (Plurinational State of)","LATIN AMERICA AND THE CARIBBEAN","Central America","73758","83598","92658","107745","122846","143008","164121","183234","37549","42806","47665","56019","64380","74949","85961","95972","36209","40792","44993","51726","58466","68059","78160","87262"
"Brazil","LATIN AMERICA AND THE CARIBBEAN","Central America","803218","732622","687362","641029","596859","646540","1048866","1406299","428431","390904","367897","344550","322553","355744","640244","818836","374787","341718","319465","296479","274306","290796","408622","587463"
"Chile","LATIN AMERICA AND THE CARIBBEAN","Central America","100133","125754","166608","241522","361531","598039","1476240","1538324","50080","61978","80087","114481","170529","299435","752067","783289","50053","63776","86521","127041","191002","298604","724173","755035"
"Colombia","LATIN AMERICA AND THE CARIBBEAN","Central America","100672","109550","109863","110495","126424","145504","1932807","3063518","51083","55620","56187","57131","66244","77608","961374","1521185","49589","53930","53676","53364","60180","67896","971433","1542333"
"Ecuador","LATIN AMERICA AND THE CARIBBEAN","Central America","139204","145626","150585","144415","358874","332142","721560","747749","69881","73220","75880","72581","180197","163244","351009","361486","69323","72406","74705","71834","178677","168898","370551","386263"
"Falkland Islands (Malvinas)*","LATIN AMERICA AND THE CARIBBEAN","Central America","855","868","1067","1166","1436","1571","1957","2333","488","510","636","675","807","873","1089","1298","367","358","431","491","629","698","868","1035"
"French Guiana*","LATIN AMERICA AND THE CARIBBEAN","Central America","63612","70131","76649","86468","96288","106108","119249","130924","34843","36869","38895","42729","46564","50399","56642","62188","28769","33262","37754","43739","49724","55709","62607","68736"
"Guyana","LATIN AMERICA AND THE CARIBBEAN","Central America","4095","6352","8610","10868","8182","8661","31169","54175","2200","3405","4611","5817","4530","4794","14497","25197","1895","2947","3999","5051","3652","3867","16672","28978"
"Paraguay","LATIN AMERICA AND THE CARIBBEAN","Central America","195884","186570","176608","168243","160299","156462","169567","180837","102816","97869","92052","87698","83394","81303","88311","94180","93068","88701","84556","80545","76905","75159","81256","86657"
"Peru","LATIN AMERICA AND THE CARIBBEAN","Central America","48985","56831","66103","77195","102662","152562","1184762","1837219","24140","28019","32684","38360","51423","77554","547812","848513","24845","28812","33419","38835","51239","75008","636950","988706"
"Suriname","LATIN AMERICA AND THE CARIBBEAN","Central America","18083","22320","27506","33662","39713","43127","47801","51902","9767","12091","14938","18338","21658","23544","26271","28525","8316","10229","12568","15324","18055","19583","21530","23377"
"Uruguay","LATIN AMERICA AND THE CARIBBEAN","Central America","98116","93428","88874","82317","76303","78799","108267","160064","45830","43427","41095","37658","34535","35642","50937","75989","52286","50001","47779","44659","41768","43157","57330","84075"
"Venezuela (Bolivarian Republic of)","LATIN AMERICA AND THE CARIBBEAN","Central America","1025009","1019996","1013738","1076474","1347347","1404448","1324193","1263304","517579","513473","508682","538197","676261","703458","652823","622805","507430","506523","505056","538277","671086","700990","671370","640499"
"Bermuda*","NORTHERN AMERICA","NORTHERN AMERICA","15683","16676","17684","18108","18547","19212","19739","20171","7557","8044","8540","8783","9035","9421","9724","9937","8126","8632","9144","9325","9512","9791","10015","10234"
"Canada","NORTHERN AMERICA","NORTHERN AMERICA","4251056","4853738","5525404","6086976","7035001","8049874","8332892","8805839","2085083","2352856","2665735","2918018","3367095","3854647","3969673","4170595","2165973","2500882","2859669","3168958","3667906","4195227","4363219","4635244"
"Greenland*","NORTHERN AMERICA","NORTHERN AMERICA","9282","7121","6601","6556","6091","6009","5899","5812","6472","4875","4616","4461","4119","3951","3822","3766","2810","2246","1985","2095","1972","2058","2077","2046"
"Saint Pierre and Miquelon*","NORTHERN AMERICA","NORTHERN AMERICA","1099","1320","1458","1147","1017","986","998","1008","560","682","756","597","531","516","523","528","539","638","702","550","486","470","475","480"
"United States of America*","NORTHERN AMERICA","NORTHERN AMERICA","23266147","28525723","34806848","39545828","43947211","47942986","50471028","52375047","11386092","13995947","17206724","19787854","21607962","23319081","24488884","25624986","11880055","14529776","17600124","19757974","22339249","24623905","25982144","26750061"
"Australia/New Zealand","OCEANIA","OCEANIA","4517870","4810557","5075813","5735938","6836784","7865257","8948750","9579393","2295417","2415958","2524601","2835145","3383950","3859400","4369788","4664445","2222453","2394599","2551212","2900793","3452834","4005857","4578962","4914948"
"Australia*","OCEANIA","OCEANIA","3991501","4215646","4389847","4880921","5879802","6733056","7604850","8111404","2033003","2123962","2191461","2420114","2920447","3307254","3709985","3943714","1958498","2091684","2198386","2460807","2959355","3425802","3894865","4167690"
"New Zealand*","OCEANIA","OCEANIA","526369","594911","685966","855017","956982","1132201","1343900","1467989","262414","291996","333140","415031","463503","552146","659803","720731","263955","302915","352826","439986","493479","580055","684097","747258"
"Fiji","OCEANIA","Melanesia","13283","13001","12719","12434","13357","13751","14087","14362","6847","6726","6601","6563","7143","7421","7601","7749","6436","6275","6118","5871","6214","6330","6486","6613"
"New Caledonia*","OCEANIA","Melanesia","37673","43662","49651","55405","61158","68881","73141","76738","20885","23908","26932","29909","32886","36181","38284","40167","16788","19754","22719","25496","28272","32700","34857","36571"
"Papua New Guinea","OCEANIA","Melanesia","33710","33526","26304","29971","30425","30940","31068","31171","19362","19832","15874","17851","18466","18734","18895","18958","14348","13694","10430","12120","11959","12206","12173","12213"
"Solomon Islands","OCEANIA","Melanesia","4226","4178","3981","3271","2760","2585","2520","2469","2349","2328","2224","1830","1546","1450","1415","1386","1877","1850","1757","1441","1214","1135","1105","1083"
"Vanuatu","OCEANIA","Melanesia","2308","2461","2626","2800","2991","3186","3257","3315","1269","1295","1320","1398","1487","1583","1619","1648","1039","1166","1306","1402","1504","1603","1638","1667"
"Guam*","OCEANIA","Micronesia","69755","71912","74070","74743","75416","76089","80472","84159","39364","38822","38280","38602","38924","39246","41508","43410","30391","33090","35790","36141","36492","36843","38964","40749"
"Kiribati","OCEANIA","Micronesia","2162","2223","2283","2487","2868","2919","3126","3302","1107","1139","1188","1312","1512","1539","1650","1743","1055","1084","1095","1175","1356","1380","1476","1559"
"Marshall Islands","OCEANIA","Micronesia","1158","1480","1891","2417","3089","3284","3298","3309","721","916","1164","1485","1895","2011","2021","2028","437","564","727","932","1194","1273","1277","1281"
"Nauru","OCEANIA","Micronesia (Fed. States of)","2815","2605","2394","2253","906","1833","2201","2548","1506","1395","1283","1208","486","1037","1297","1501","1309","1210","1111","1045","420","796","904","1047"
"Palau","OCEANIA","Northern Mariana Islands*","2801","4749","6310","6043","5490","4937","5088","5212","1800","2808","3905","3620","3211","2996","2888","2958","1001","1941","2405","2423","2279","1941","2200","2254"
"American Samoa*","OCEANIA","Polynesia*","21283","23098","24912","24233","23555","23513","23608","23684","11175","12037","12898","12498","12098","11998","12047","12086","10108","11061","12014","11735","11457","11515","11561","11598"
"Cook Islands*","OCEANIA","Polynesia*","2587","2686","2785","3277","3769","4168","4579","4937","1443","1497","1552","1724","1895","2090","2290","2469","1144","1189","1233","1553","1874","2078","2289","2468"
"Niue*","OCEANIA","French Polynesia*","461","480","498","522","589","588","588","588","245","257","268","282","319","319","319","319","216","223","230","240","270","269","269","269"
"Samoa","OCEANIA","French Polynesia*","3357","4694","5998","5746","5122","4255","4021","3843","1771","2451","3101","2940","2594","2151","2031","1941","1586","2243","2897","2806","2528","2104","1990","1902"
"Tokelau*","OCEANIA","French Polynesia*","360","506","712","1003","1128","1185","1238","1282","196","268","366","500","543","564","586","607","164","238","346","503","585","621","652","675"
"Tonga","OCEANIA","French Polynesia*","2911","3274","3684","4301","4607","3954","3742","3581","1488","1718","1981","2324","2503","2158","2044","1956","1423","1556","1703","1977","2104","1796","1698","1625"
"Tuvalu","OCEANIA","French Polynesia*","318","263","218","209","220","230","239","246","180","148","121","115","121","126","132","136","138","115","97","94","99","104","107","110"
"Wallis and Futuna Islands*","OCEANIA","French Polynesia*","1402","1704","2015","2191","2111","2050","2040","2032","726","872","1018","1107","1066","1035","1030","1026","676","832","997","1084","1045","1015","1010","1006"
